arm,seed,p,delta,rho,sigma_map,mode,ramp_slots,checks,z,persistence_slots,n_targets,n_voting_channels,majority_reachable,attack_success_attr,attack_success_opp,attack_success_opp_inst,attack_success,actionable_share,actionable_share_inst,detect_rate,detect_rate_actionable,wrong_handover_rate,pingpong_rate,wrong_handover_per_ho,pingpong_per_ho,handover_rate,missed_handover_rate,missed_handover_per_ue_slot,oracle_handover_rate,rsrp_deficit,outage_share,wrong_cell_share,false_exclusion_rate,false_exclusion_rate_ch,fe_serving_reciprocity,fe_neighbour_reciprocity,fe_map,fe_rate,fallback_rate,mean_voters,throughput,bytes_per_ue_s,bytes_ota_per_ue_s,compute_per_decision,thr_serving_reciprocity,thr_neighbour_reciprocity,thr_map,thr_rate,sigma_serving_recip_hat,sigma_neighbour_recip_hat,sigma_map_diff_hat,sigma_rate_hat,sigma_c1_hat,sigma_map_hat,runtime_seconds,check_set
model_dhr_param,0,0.2,0.0,0.0,2.0,trap,1,serving_reciprocity+neighbour_reciprocity+map+rate,3.0,3,6,3,True,0.0007407407407407407,0.0,0.030303030303030304,0.0025925925925925925,0.005679012345679012,0.022407407407407407,0.0,0.0,7.407407407407407e-05,0.00016049382716049382,0.02097902097902098,0.045454545454545456,0.0035308641975308644,0.0916030534351145,0.0002962962962962963,0.0032345679012345677,0.047005987974756705,0.0,0.007740740740740741,0.0,0.0,0.0,0.0,0.0,0.0,0.0,3.0,1.3289637586952618,400.0,400.0,3.0,5.405496074154652,6.706530343956487,6.611276397879626,5.176871684720679,1.8018320247182171,2.2355101146521625,2.2037587992932086,1.725623894906893,0.9913975786089191,1.968167596164162,1.2828243330004625,default
model_dhr_param,1,0.2,0.0,0.0,2.0,trap,1,serving_reciprocity+neighbour_reciprocity+map+rate,3.0,3,6,3,True,0.0007407407407407407,0.01,0.02109704641350211,0.0024074074074074076,0.006172839506172839,0.02925925925925926,0.0,0.0,0.00018518518518518518,0.00019753086419753085,0.046296296296296294,0.04938271604938271,0.004,0.08653846153846154,0.0003333333333333333,0.003851851851851852,0.056334808599180546,0.0,0.008938271604938272,0.0,0.0,0.0,0.0,0.0,0.0,0.0,3.0,1.3179070718024641,400.0,400.0,3.0,5.439693149275648,6.692269692427459,6.793666293915166,5.408964210906127,1.8132310497585493,2.2307565641424865,2.2645554313050553,1.8029880703020424,0.9914552084452658,2.0359832688654342,1.2390344999730587,default
model_dhr_param,2,0.2,0.0,0.0,2.0,trap,1,serving_reciprocity+neighbour_reciprocity+map+rate,3.0,3,6,3,True,0.0006172839506172839,0.0,0.021604938271604937,0.0020987654320987655,0.003950617283950617,0.02,0.0,0.0,0.0001728395061728395,0.00014814814814814815,0.0498220640569395,0.042704626334519574,0.0034691358024691358,0.06896551724137931,0.00022222222222222223,0.0032222222222222222,0.04490230347771399,0.0,0.007345679012345679,0.0,0.0,0.0,0.0,0.0,0.0,0.0,3.0,1.3477477386780587,400.0,400.0,3.0,5.423056093532351,6.665285280324204,6.657121460672002,5.314134918188104,1.8076853645107835,2.221761760108068,2.2190404868906675,1.7713783060627013,0.986539725953694,1.9876820801061676,1.266789500019513,default
model_dhr_param,3,0.2,0.0,0.0,2.0,trap,1,serving_reciprocity+neighbour_reciprocity+map+rate,3.0,3,6,3,True,0.0004320987654320988,0.0,0.012915129151291513,0.0025925925925925925,0.00882716049382716,0.033456790123456794,0.0,0.0,0.00013580246913580247,9.876543209876543e-05,0.03374233128834356,0.024539877300613498,0.004024691358024691,0.0949367088607595,0.00037037037037037035,0.0039012345679012347,0.05953125445930803,0.0,0.00891358024691358,0.0,0.0,0.0,0.0,0.0,0.0,0.0,3.0,1.366454108634095,400.0,400.0,3.0,5.482834339750598,6.730752196219429,6.914122030312857,5.340468799925379,1.8276114465835327,2.2435840654064765,2.304707343437619,1.780156266641793,1.0001524018891992,2.0763841436233688,1.2466978749725968,default
model_dhr_param,4,0.2,0.0,0.0,2.0,trap,1,serving_reciprocity+neighbour_reciprocity+map+rate,3.0,3,6,3,True,0.0008024691358024691,0.0,0.030878859857482184,0.002654320987654321,0.006296296296296296,0.025987654320987656,0.0,0.0,0.0001234567901234568,0.00025925925925925926,0.02976190476190476,0.0625,0.004148148148148148,0.06896551724137931,0.00027160493827160494,0.0039382716049382715,0.05218163713237249,0.0,0.008209876543209876,0.0,0.0,0.0,0.0,0.0,0.0,0.0,3.0,1.2881769155276273,400.0,400.0,3.0,5.344515421080146,6.692986269261882,6.557909729459217,5.254661472065715,1.7815051403600488,2.2309954230872937,2.185969909819739,1.7515538240219048,0.9731164788038275,1.9574240126548357,1.297076333023142,default
model_dhr_param,5,0.2,0.0,0.0,2.0,trap,1,serving_reciprocity+neighbour_reciprocity+map+rate,3.0,3,6,3,True,0.00037037037037037035,0.0,0.013114754098360656,0.001851851851851852,0.005925925925925926,0.018827160493827162,0.0,0.0,8.641975308641975e-05,0.00013580246913580247,0.024475524475524476,0.038461538461538464,0.0035308641975308644,0.07251908396946564,0.0002345679012345679,0.0032345679012345677,0.05082118349024825,0.0,0.007246913580246914,0.0,0.0,0.0,0.0,0.0,0.0,0.0,3.0,1.3486976361320018,400.0,400.0,3.0,5.370646160684741,6.729716611943163,6.613001050958819,5.3473887133150795,1.7902153868949136,2.243238870647721,2.2043336836529397,1.7824629044383598,1.000282397115589,1.964312122578189,1.3586294580018148,default
model_dhr_param,6,0.2,0.0,0.0,2.0,trap,1,serving_reciprocity+neighbour_reciprocity+map+rate,3.0,3,6,3,True,0.000925925925925926,0.0,0.03076923076923077,0.0027160493827160493,0.004320987654320987,0.024074074074074074,0.0,0.0,0.00013580246913580247,0.0001234567901234568,0.03642384105960265,0.033112582781456956,0.003728395061728395,0.0821917808219178,0.0002962962962962963,0.0036049382716049384,0.05321611385054055,0.0,0.008209876543209876,0.0,0.0,0.0,0.0,0.0,0.0,0.0,3.0,1.3288706961161454,400.0,400.0,3.0,5.425527539669207,6.700797655751072,6.771271912969076,5.312442601466293,1.8085091798897357,2.2335992185836906,2.2570906376563586,1.7708142004887644,1.0075622293139008,2.0197218869577043,1.4208672079839744,default
model_dhr_param,7,0.2,0.0,0.0,2.0,trap,1,serving_reciprocity+neighbour_reciprocity+map+rate,3.0,3,6,3,True,0.00037037037037037035,0.0,0.010752688172043012,0.0013580246913580246,0.004074074074074074,0.017222222222222222,0.0,0.0,9.876543209876543e-05,0.0002345679012345679,0.02572347266881029,0.06109324758842444,0.003839506172839506,0.06643356643356643,0.0002345679012345679,0.0035308641975308644,0.052828548697221124,0.0,0.007506172839506173,0.0,0.0,0.0,0.0,0.0,0.0,0.0,3.0,1.4155075655095444,400.0,400.0,3.0,5.394725078393419,6.674446609133593,6.81004897205412,5.169306173143329,1.7982416927978062,2.2248155363778643,2.27001632401804,1.723102057714443,1.0055429184573565,2.0351554118662873,1.3486003750003874,default
model_dhr_param,8,0.2,0.0,0.0,2.0,trap,1,serving_reciprocity+neighbour_reciprocity+map+rate,3.0,3,6,3,True,0.0004320987654320988,0.010416666666666666,0.011695906432748537,0.0021604938271604936,0.005925925925925926,0.021111111111111112,0.0,0.0,0.00014814814814814815,8.641975308641975e-05,0.04428044280442804,0.025830258302583026,0.003345679012345679,0.07392996108949416,0.0002345679012345679,0.0031728395061728395,0.04437085663238656,0.0,0.006925925925925926,0.0,0.0,0.0,0.0,0.0,0.0,0.0,3.0,1.3523958854639,400.0,400.0,3.0,5.352473588088509,6.727404132069237,6.641696462294681,5.410083779039509,1.7841578626961696,2.242468044023079,2.2138988207648937,1.803361259679836,0.9904300107142289,1.979999086479789,1.3010933750192635,default
model_dhr_param,9,0.2,0.0,0.0,2.0,trap,1,serving_reciprocity+neighbour_reciprocity+map+rate,3.0,3,6,3,True,0.00018518518518518518,0.0,0.0028169014084507044,0.0022222222222222222,0.004876543209876543,0.021913580246913582,0.0,0.0,0.00011111111111111112,0.00022222222222222223,0.032490974729241874,0.06498194945848375,0.003419753086419753,0.06015037593984962,0.00019753086419753085,0.0032839506172839504,0.04343455117245272,0.0,0.007185185185185185,0.0,0.0,0.0,0.0,0.0,0.0,0.0,3.0,1.4889442689655281,400.0,400.0,3.0,5.505327523467329,6.681402771670841,6.6804752937907805,5.535019675246978,1.8351091744891097,2.227134257223614,2.22682509793026,1.8450065584156592,1.014685727788178,1.9822116159974164,1.3251750830095261,default
single,0,0.2,0.0,0.0,2.0,trap,1,serving_reciprocity+neighbour_reciprocity+map+rate,3.0,3,6,1,True,0.0007407407407407407,0.0,0.030136986301369864,0.0025925925925925925,0.005617283950617284,0.022530864197530864,0.0,0.0,7.407407407407407e-05,0.00016049382716049382,0.020689655172413793,0.04482758620689655,0.003580246913580247,0.08778625954198473,0.0002839506172839506,0.0032345679012345677,0.04706476156988996,0.0,0.0077901234567901234,0.0,0.0,0.0,0.0,0.0,0.0,0.0,1.0,1.3294110639372438,400.0,400.0,1.0,5.405496074154652,6.706530343956487,6.611276397879626,5.176871684720679,1.8018320247182171,2.2355101146521625,2.2037587992932086,1.725623894906893,0.9913975786089191,1.968167596164162,0.973028542008251,default
single,1,0.2,0.0,0.0,2.0,trap,1,serving_reciprocity+neighbour_reciprocity+map+rate,3.0,3,6,1,True,0.0006790123456790123,0.0,0.01875,0.0024691358024691358,0.005987654320987654,0.02962962962962963,0.0,0.0,0.00019753086419753085,0.00019753086419753085,0.049079754601226995,0.049079754601226995,0.004024691358024691,0.07741935483870968,0.0002962962962962963,0.0038271604938271606,0.055625510234568534,0.0,0.00882716049382716,0.0,0.0,0.0,0.0,0.0,0.0,0.0,1.0,1.3179766648312423,400.0,400.0,1.0,5.439693149275648,6.692269692427459,6.793666293915166,5.408964210906127,1.8132310497585493,2.2307565641424865,2.2645554313050553,1.8029880703020424,0.9914552084452658,2.0359832688654342,1.2560741670313291,default
single,2,0.2,0.0,0.0,2.0,trap,1,serving_reciprocity+neighbour_reciprocity+map+rate,3.0,3,6,1,True,0.0006172839506172839,0.0,0.021604938271604937,0.0020987654320987655,0.003950617283950617,0.02,0.0,0.0,0.0001728395061728395,0.00014814814814814815,0.04964539007092199,0.0425531914893617,0.0034814814814814817,0.06589147286821706,0.00020987654320987656,0.003185185185185185,0.043372720879184326,0.0,0.007037037037037037,0.0,0.0,0.0,0.0,0.0,0.0,0.0,1.0,1.3480007334540007,400.0,400.0,1.0,5.423056093532351,6.665285280324204,6.657121460672002,5.314134918188104,1.8076853645107835,2.221761760108068,2.2190404868906675,1.7713783060627013,0.986539725953694,1.9876820801061676,0.989601917041,default
single,3,0.2,0.0,0.0,2.0,trap,1,serving_reciprocity+neighbour_reciprocity+map+rate,3.0,3,6,1,True,0.0004320987654320988,0.0,0.012915129151291513,0.0025925925925925925,0.00882716049382716,0.033456790123456794,0.0,0.0,0.00013580246913580247,0.00011111111111111112,0.03363914373088685,0.027522935779816515,0.004037037037037037,0.07667731629392971,0.0002962962962962963,0.0038641975308641974,0.05861029674718077,0.0,0.008765432098765432,0.0,0.0,0.0,0.0,0.0,0.0,0.0,1.0,1.3660181045048279,400.0,400.0,1.0,5.482834339750598,6.730752196219429,6.914122030312857,5.340468799925379,1.8276114465835327,2.2435840654064765,2.304707343437619,1.780156266641793,1.0001524018891992,2.0763841436233688,1.0502137500443496,default
single,4,0.2,0.0,0.0,2.0,trap,1,serving_reciprocity+neighbour_reciprocity+map+rate,3.0,3,6,1,True,0.0008641975308641976,0.01,0.03341288782816229,0.0027160493827160493,0.006172839506172839,0.0258641975308642,0.0,0.0,0.0001234567901234568,0.00025925925925925926,0.029498525073746312,0.061946902654867256,0.004185185185185185,0.07523510971786834,0.0002962962962962963,0.0039382716049382715,0.0510886638696766,0.0,0.008037037037037037,0.0,0.0,0.0,0.0,0.0,0.0,0.0,1.0,1.2885497802220054,400.0,400.0,1.0,5.3454571971339355,6.692473721075684,6.557909729459217,5.254661472065715,1.781819065711312,2.2308245736918946,2.185969909819739,1.7515538240219048,0.9731164788038275,1.9574240126548357,0.9397009999956936,default
single,5,0.2,0.0,0.0,2.0,trap,1,serving_reciprocity+neighbour_reciprocity+map+rate,3.0,3,6,1,True,0.00037037037037037035,0.0,0.013114754098360656,0.001851851851851852,0.005925925925925926,0.018827160493827162,0.0,0.0,8.641975308641975e-05,0.00013580246913580247,0.024390243902439025,0.03832752613240418,0.00354320987654321,0.06870229007633588,0.00022222222222222223,0.0032345679012345677,0.05047059067084141,0.0,0.007234567901234568,0.0,0.0,0.0,0.0,0.0,0.0,0.0,1.0,1.3485600448495818,400.0,400.0,1.0,5.370646160684741,6.729716611943163,6.613001050958819,5.3473887133150795,1.7902153868949136,2.243238870647721,2.2043336836529397,1.7824629044383598,1.000282397115589,1.964312122578189,1.0159523749607615,default
single,6,0.2,0.0,0.0,2.0,trap,1,serving_reciprocity+neighbour_reciprocity+map+rate,3.0,3,6,1,True,0.000925925925925926,0.0,0.03076923076923077,0.0027160493827160493,0.004320987654320987,0.024074074074074074,0.0,0.0,0.00013580246913580247,0.0001234567901234568,0.03642384105960265,0.033112582781456956,0.003728395061728395,0.0821917808219178,0.0002962962962962963,0.0036049382716049384,0.053067194386783215,0.0,0.008197530864197531,0.0,0.0,0.0,0.0,0.0,0.0,0.0,1.0,1.3288730357366052,400.0,400.0,1.0,5.425527539669207,6.700797655751072,6.771271912969076,5.312442601466293,1.8085091798897357,2.2335992185836906,2.2570906376563586,1.7708142004887644,1.0075622293139008,2.0197218869577043,1.0091730839922093,default
single,7,0.2,0.0,0.0,2.0,trap,1,serving_reciprocity+neighbour_reciprocity+map+rate,3.0,3,6,1,True,0.0004320987654320988,0.0,0.014388489208633094,0.001419753086419753,0.004012345679012346,0.017160493827160495,0.0,0.0,9.876543209876543e-05,0.00022222222222222223,0.025477707006369428,0.05732484076433121,0.0038765432098765433,0.06968641114982578,0.0002469135802469136,0.00354320987654321,0.05240472169396627,0.0,0.00745679012345679,0.0,0.0,0.0,0.0,0.0,0.0,0.0,1.0,1.4149969370476834,400.0,400.0,1.0,5.394725078393419,6.674446609133593,6.81004897205412,5.169306173143329,1.7982416927978062,2.2248155363778643,2.27001632401804,1.723102057714443,1.0055429184573565,2.0351554118662873,0.9917633340228349,default
single,8,0.2,0.0,0.0,2.0,trap,1,serving_reciprocity+neighbour_reciprocity+map+rate,3.0,3,6,1,True,0.0004320987654320988,0.010526315789473684,0.011730205278592375,0.0021604938271604936,0.005864197530864198,0.02104938271604938,0.0,0.0,0.00014814814814814815,8.641975308641975e-05,0.04411764705882353,0.025735294117647058,0.003358024691358025,0.078125,0.0002469135802469136,0.0031604938271604936,0.0438901860287258,0.0,0.006851851851851852,0.0,0.0,0.0,0.0,0.0,0.0,0.0,1.0,1.3523634478976136,400.0,400.0,1.0,5.3510772861250935,6.727065980771549,6.641696462294681,5.410083779039509,1.7836924287083644,2.2423553269238496,2.2138988207648937,1.803361259679836,0.9904300107142289,1.979999086479789,0.9847545420052484,default
single,9,0.2,0.0,0.0,2.0,trap,1,serving_reciprocity+neighbour_reciprocity+map+rate,3.0,3,6,1,True,0.00018518518518518518,0.0,0.0028169014084507044,0.0022222222222222222,0.004876543209876543,0.021913580246913582,0.0,0.0,0.00011111111111111112,0.00022222222222222223,0.03237410071942446,0.06474820143884892,0.003432098765432099,0.04980842911877394,0.00016049382716049382,0.0032222222222222222,0.042931716772391174,0.0,0.0071234567901234565,0.0,0.0,0.0,0.0,0.0,0.0,0.0,1.0,1.4887833691426,400.0,400.0,1.0,5.504704295417451,6.681296346863256,6.6804752937907805,5.535019675246978,1.834901431805817,2.227098782287752,2.22682509793026,1.8450065584156592,1.014685727788178,1.9822116159974164,0.9831964169861749,default
model_dhr_param,0,0.2,10.0,0.0,2.0,trap,1,serving_reciprocity+neighbour_reciprocity+map+rate,3.0,3,6,3,True,0.05,0.4980392156862745,0.12911025145067698,0.057901234567901236,0.09444444444444444,0.38296296296296295,0.0,0.0,0.008950617283950617,0.010493827160493827,0.5637636080870918,0.6609642301710731,0.015876543209876543,0.16116504854368932,0.0010246913580246914,0.006358024691358025,0.06915753797762833,0.0,0.011333333333333334,0.0,0.0,0.0,0.0,0.0,0.0,0.0,3.0,1.3194267588178479,400.0,400.0,3.0,5.405496074154652,6.706530343956487,6.611276397879626,5.176871684720679,1.8018320247182171,2.2355101146521625,2.2037587992932086,1.725623894906893,0.9913975786089191,1.968167596164162,1.3110232499893755,default
model_dhr_param,1,0.2,10.0,0.0,2.0,trap,1,serving_reciprocity+neighbour_reciprocity+map+rate,3.0,3,6,3,True,0.047901234567901234,0.5466165413533834,0.13443313443313443,0.05401234567901234,0.08209876543209876,0.35172839506172837,0.0,0.0,0.008345679012345678,0.009555555555555555,0.5487012987012987,0.6282467532467533,0.015209876543209877,0.2209737827715356,0.00145679012345679,0.006592592592592593,0.07884511359447192,0.0,0.01254320987654321,0.0,0.0,0.0,0.0,0.0,0.0,0.0,3.0,1.3118449851078806,400.0,400.0,3.0,5.439693149275648,6.692269692427459,6.793666293915166,5.408964210906127,1.8132310497585493,2.2307565641424865,2.2645554313050553,1.8029880703020424,0.9914552084452658,2.0359832688654342,1.2501936669577844,default
model_dhr_param,2,0.2,10.0,0.0,2.0,trap,1,serving_reciprocity+neighbour_reciprocity+map+rate,3.0,3,6,3,True,0.042901234567901236,0.52303961196443,0.13000755857898716,0.04882716049382716,0.07635802469135802,0.32666666666666666,0.0,0.0,0.007716049382716049,0.00874074074074074,0.5550621669626998,0.6287744227353463,0.013901234567901235,0.1461864406779661,0.0008518518518518519,0.00582716049382716,0.06372381520696614,0.0,0.010320987654320988,0.0,0.0,0.0,0.0,0.0,0.0,0.0,3.0,1.346675289660231,400.0,400.0,3.0,5.423056093532351,6.665285280324204,6.657121460672002,5.314134918188104,1.8076853645107835,2.221761760108068,2.2190404868906675,1.7713783060627013,0.986539725953694,1.9876820801061676,1.295263417006936,default
model_dhr_param,3,0.2,10.0,0.0,2.0,trap,1,serving_reciprocity+neighbour_reciprocity+map+rate,3.0,3,6,3,True,0.04061728395061728,0.5526552655265526,0.129301770439626,0.045987654320987656,0.06858024691358025,0.31030864197530866,0.0,0.0,0.007172839506172839,0.007827160493827161,0.517825311942959,0.5650623885918004,0.013851851851851851,0.1954459203036053,0.001271604938271605,0.006506172839506173,0.07875153314348894,0.0,0.011407407407407408,0.0,0.0,0.0,0.0,0.0,0.0,0.0,3.0,1.3560849889896283,400.0,400.0,3.0,5.482834339750598,6.730752196219429,6.914122030312857,5.340468799925379,1.8276114465835327,2.2435840654064765,2.304707343437619,1.780156266641793,1.0001524018891992,2.0763841436233688,1.2556156250066124,default
model_dhr_param,4,0.2,10.0,0.0,2.0,trap,1,serving_reciprocity+neighbour_reciprocity+map+rate,3.0,3,6,3,True,0.0337037037037037,0.4923224568138196,0.12356189599631845,0.038703703703703705,0.06432098765432098,0.2682716049382716,0.0,0.0,0.0061234567901234565,0.006691358024691358,0.5081967213114754,0.555327868852459,0.012049382716049382,0.15565031982942432,0.0009012345679012346,0.005790123456790123,0.06652659763044493,0.0,0.010345679012345678,0.0,0.0,0.0,0.0,0.0,0.0,0.0,3.0,1.273493255348483,400.0,400.0,3.0,5.344515421080146,6.692986269261882,6.557909729459217,5.254661472065715,1.7815051403600488,2.2309954230872937,2.185969909819739,1.7515538240219048,0.9731164788038275,1.9574240126548357,1.2773670419701375,default
model_dhr_param,5,0.2,10.0,0.0,2.0,trap,1,serving_reciprocity+neighbour_reciprocity+map+rate,3.0,3,6,3,True,0.03740740740740741,0.5520231213872833,0.1304442036836403,0.042839506172839506,0.06407407407407407,0.28487654320987654,0.0,0.0,0.006728395061728395,0.0072839506172839505,0.5374753451676528,0.5818540433925049,0.012518518518518519,0.16898148148148148,0.0009012345679012346,0.005333333333333333,0.0644779832587888,0.0,0.009345679012345679,0.0,0.0,0.0,0.0,0.0,0.0,0.0,3.0,1.3485565465695215,400.0,400.0,3.0,5.370646160684741,6.729716611943163,6.613001050958819,5.3473887133150795,1.7902153868949136,2.243238870647721,2.2043336836529397,1.7824629044383598,1.000282397115589,1.964312122578189,1.4055048340233043,default
model_dhr_param,6,0.2,10.0,0.0,2.0,trap,1,serving_reciprocity+neighbour_reciprocity+map+rate,3.0,3,6,3,True,0.0408641975308642,0.5516328331862312,0.13272910372608257,0.04549382716049383,0.06993827160493828,0.30648148148148147,0.0,0.0,0.007395061728395062,0.007814814814814814,0.5510579576816927,0.5823367065317387,0.013419753086419753,0.21073558648111332,0.001308641975308642,0.006209876543209877,0.07508196365594062,0.0,0.011419753086419753,0.0,0.0,0.0,0.0,0.0,0.0,0.0,3.0,1.321601595640929,400.0,400.0,3.0,5.425527539669207,6.700797655751072,6.771271912969076,5.312442601466293,1.8085091798897357,2.2335992185836906,2.2570906376563586,1.7708142004887644,1.0075622293139008,2.0197218869577043,1.2936277920380235,default
model_dhr_param,7,0.2,10.0,0.0,2.0,trap,1,serving_reciprocity+neighbour_reciprocity+map+rate,3.0,3,6,3,True,0.0367283950617284,0.5049063336306869,0.12877131613467424,0.04191358024691358,0.06919753086419753,0.2823456790123457,0.0,0.0,0.006567901234567901,0.0077777777777777776,0.510556621880998,0.6046065259117083,0.012864197530864197,0.13978494623655913,0.0008024691358024691,0.005740740740740741,0.06850933336354795,0.0,0.009962962962962963,0.0,0.0,0.0,0.0,0.0,0.0,0.0,3.0,1.4146523352753753,400.0,400.0,3.0,5.394725078393419,6.674446609133593,6.81004897205412,5.169306173143329,1.7982416927978062,2.2248155363778643,2.27001632401804,1.723102057714443,1.0055429184573565,2.0351554118662873,1.3861317909904756,default
model_dhr_param,8,0.2,10.0,0.0,2.0,trap,1,serving_reciprocity+neighbour_reciprocity+map+rate,3.0,3,6,3,True,0.03876543209876543,0.5504672897196262,0.13628396143733568,0.04302469135802469,0.06604938271604938,0.2817283950617284,0.0,0.0,0.0069382716049382715,0.0076049382716049385,0.5558852621167161,0.609297725024728,0.012481481481481482,0.2548596112311015,0.00145679012345679,0.00571604938271605,0.060932691489322545,0.0,0.009320987654320987,0.0,0.0,0.0,0.0,0.0,0.0,0.0,3.0,1.3498792053465933,400.0,400.0,3.0,5.352473588088509,6.727404132069237,6.641696462294681,5.410083779039509,1.7841578626961696,2.242468044023079,2.2138988207648937,1.803361259679836,0.9904300107142289,1.979999086479789,1.3432906669913791,default
model_dhr_param,9,0.2,10.0,0.0,2.0,trap,1,serving_reciprocity+neighbour_reciprocity+map+rate,3.0,3,6,3,True,0.04376543209876543,0.5325301204819277,0.131797583081571,0.050493827160493825,0.07685185185185185,0.3269135802469136,0.0,0.0,0.0076296296296296294,0.008753086419753087,0.5542600896860986,0.6358744394618834,0.013765432098765433,0.18736383442265794,0.0010617283950617284,0.005666666666666667,0.059941745041648696,0.0,0.009777777777777778,0.0,0.0,0.0,0.0,0.0,0.0,0.0,3.0,1.4930657612139162,400.0,400.0,3.0,5.505327523467329,6.681402771670841,6.6804752937907805,5.535019675246978,1.8351091744891097,2.227134257223614,2.22682509793026,1.8450065584156592,1.014685727788178,1.9822116159974164,1.2610728329746053,default
single,0,0.2,10.0,0.0,2.0,trap,1,serving_reciprocity+neighbour_reciprocity+map+rate,3.0,3,6,1,True,0.05024691358024691,0.5062789160608063,0.12975499677627336,0.05814814814814815,0.09339506172839507,0.38296296296296295,0.0,0.0,0.009012345679012346,0.010506172839506172,0.5641421947449768,0.6576506955177743,0.01597530864197531,0.16827852998065765,0.001074074074074074,0.006382716049382716,0.06860372738315705,0.0,0.011246913580246914,0.0,0.0,0.0,0.0,0.0,0.0,0.0,1.0,1.3200038415293713,400.0,400.0,1.0,5.405496074154652,6.706530343956487,6.611276397879626,5.176871684720679,1.8018320247182171,2.2355101146521625,2.2037587992932086,1.725623894906893,0.9913975786089191,1.968167596164162,1.0080946249654517,default
single,1,0.2,10.0,0.0,2.0,trap,1,serving_reciprocity+neighbour_reciprocity+map+rate,3.0,3,6,1,True,0.048518518518518516,0.5529676934635612,0.13507853403141362,0.05462962962962963,0.0821604938271605,0.3537037037037037,0.0,0.0,0.008481481481481482,0.009777777777777778,0.5509222133119487,0.6351242983159583,0.015395061728395061,0.22346368715083798,0.0014814814814814814,0.006629629629629629,0.07729048108009696,0.0,0.012320987654320988,0.0,0.0,0.0,0.0,0.0,0.0,0.0,1.0,1.3117482166214134,400.0,400.0,1.0,5.439693149275648,6.692269692427459,6.793666293915166,5.408964210906127,1.8132310497585493,2.2307565641424865,2.2645554313050553,1.8029880703020424,0.9914552084452658,2.0359832688654342,0.9877507499768399,default
single,2,0.2,10.0,0.0,2.0,trap,1,serving_reciprocity+neighbour_reciprocity+map+rate,3.0,3,6,1,True,0.04345679012345679,0.5308943089430894,0.1309411985722337,0.049444444444444444,0.07592592592592592,0.32858024691358023,0.0,0.0,0.0077777777777777776,0.008864197530864197,0.5536028119507909,0.6309314586994728,0.014049382716049382,0.13948497854077252,0.0008024691358024691,0.005753086419753087,0.06158747514517559,0.0,0.009938271604938272,0.0,0.0,0.0,0.0,0.0,0.0,0.0,1.0,1.3461609178632719,400.0,400.0,1.0,5.423056093532351,6.665285280324204,6.657121460672002,5.314134918188104,1.8076853645107835,2.221761760108068,2.2190404868906675,1.7713783060627013,0.986539725953694,1.9876820801061676,1.1090952499653213,default
single,3,0.2,10.0,0.0,2.0,trap,1,serving_reciprocity+neighbour_reciprocity+map+rate,3.0,3,6,1,True,0.04061728395061728,0.5595996360327571,0.129585326953748,0.045987654320987656,0.0678395061728395,0.30962962962962964,0.0,0.0,0.007160493827160494,0.007839506172839506,0.5164737310774711,0.5654496883348175,0.013864197530864198,0.18076923076923077,0.0011604938271604938,0.006419753086419753,0.0765618357836478,0.0,0.01108641975308642,0.0,0.0,0.0,0.0,0.0,0.0,0.0,1.0,1.3557874227233642,400.0,400.0,1.0,5.482834339750598,6.730752196219429,6.914122030312857,5.340468799925379,1.8276114465835327,2.2435840654064765,2.304707343437619,1.780156266641793,1.0001524018891992,2.0763841436233688,1.0038986249710433,default
single,4,0.2,10.0,0.0,2.0,trap,1,serving_reciprocity+neighbour_reciprocity+map+rate,3.0,3,6,1,True,0.0337037037037037,0.4970873786407767,0.1234454168585905,0.03895061728395062,0.06358024691358025,0.2680246913580247,0.0,0.0,0.006234567901234568,0.0067654320987654325,0.513733468972533,0.5574771108850458,0.012135802469135802,0.1733615221987315,0.0010123456790123457,0.005839506172839506,0.06446029944314904,0.0,0.009987654320987655,0.0,0.0,0.0,0.0,0.0,0.0,0.0,1.0,1.2742103178390207,400.0,400.0,1.0,5.3454571971339355,6.692473721075684,6.557909729459217,5.254661472065715,1.781819065711312,2.2308245736918946,2.185969909819739,1.7515538240219048,0.9731164788038275,1.9574240126548357,1.0114035829901695,default
single,5,0.2,10.0,0.0,2.0,trap,1,serving_reciprocity+neighbour_reciprocity+map+rate,3.0,3,6,1,True,0.037654320987654324,0.5587949465500486,0.13148188327185942,0.04308641975308642,0.06351851851851852,0.2845061728395062,0.0,0.0,0.0067654320987654325,0.007271604938271605,0.5399014778325123,0.5802955665024631,0.012530864197530864,0.16783216783216784,0.0008888888888888889,0.005296296296296296,0.06392915754023033,0.0,0.009271604938271606,0.0,0.0,0.0,0.0,0.0,0.0,0.0,1.0,1.3484918594082298,400.0,400.0,1.0,5.370646160684741,6.729716611943163,6.613001050958819,5.3473887133150795,1.7902153868949136,2.243238870647721,2.2043336836529397,1.7824629044383598,1.000282397115589,1.964312122578189,1.036285540962126,default
single,6,0.2,10.0,0.0,2.0,trap,1,serving_reciprocity+neighbour_reciprocity+map+rate,3.0,3,6,1,True,0.04111111111111111,0.5585106382978723,0.13356164383561644,0.04567901234567901,0.06962962962962962,0.3064197530864198,0.0,0.0,0.0074444444444444445,0.007975308641975308,0.5511882998171846,0.5904936014625228,0.013506172839506173,0.2043222003929273,0.0012839506172839506,0.0062839506172839505,0.0743284269448855,0.0,0.011395061728395061,0.0,0.0,0.0,0.0,0.0,0.0,0.0,1.0,1.3210016785198226,400.0,400.0,1.0,5.425527539669207,6.700797655751072,6.771271912969076,5.312442601466293,1.8085091798897357,2.2335992185836906,2.2570906376563586,1.7708142004887644,1.0075622293139008,2.0197218869577043,0.9914154169964604,default
single,7,0.2,10.0,0.0,2.0,trap,1,serving_reciprocity+neighbour_reciprocity+map+rate,3.0,3,6,1,True,0.03679012345679012,0.5058087578194816,0.12907460074381974,0.04191358024691358,0.06907407407407408,0.2821604938271605,0.0,0.0,0.006592592592592593,0.007753086419753087,0.5110047846889952,0.600956937799043,0.012901234567901234,0.14316239316239315,0.0008271604938271604,0.0057777777777777775,0.06803423685601807,0.0,0.009888888888888888,0.0,0.0,0.0,0.0,0.0,0.0,0.0,1.0,1.4146475864925696,400.0,400.0,1.0,5.394725078393419,6.674446609133593,6.81004897205412,5.169306173143329,1.7982416927978062,2.2248155363778643,2.27001632401804,1.723102057714443,1.0055429184573565,2.0351554118662873,1.1029700410435908,default
single,8,0.2,10.0,0.0,2.0,trap,1,serving_reciprocity+neighbour_reciprocity+map+rate,3.0,3,6,1,True,0.038641975308641975,0.5455390334572491,0.13572679509632224,0.04296296296296296,0.06641975308641976,0.2819753086419753,0.0,0.0,0.006913580246913581,0.00754320987654321,0.5544554455445545,0.6049504950495049,0.012469135802469136,0.2559652928416486,0.00145679012345679,0.005691358024691358,0.059902988079162896,0.0,0.00917283950617284,0.0,0.0,0.0,0.0,0.0,0.0,0.0,1.0,1.3501544838509378,400.0,400.0,1.0,5.3510772861250935,6.727065980771549,6.641696462294681,5.410083779039509,1.7836924287083644,2.2423553269238496,2.2138988207648937,1.803361259679836,0.9904300107142289,1.979999086479789,1.0158690420212224,default
single,9,0.2,10.0,0.0,2.0,trap,1,serving_reciprocity+neighbour_reciprocity+map+rate,3.0,3,6,1,True,0.04376543209876543,0.5306451612903226,0.1309255079006772,0.05080246913580247,0.07654320987654321,0.32814814814814813,0.0,0.0,0.007679012345679012,0.008851851851851852,0.5533807829181495,0.6379003558718861,0.013876543209876543,0.1721132897603486,0.0009753086419753087,0.005666666666666667,0.05905949241901164,0.0,0.009666666666666667,0.0,0.0,0.0,0.0,0.0,0.0,0.0,1.0,1.49304389238608,400.0,400.0,1.0,5.504704295417451,6.681296346863256,6.6804752937907805,5.535019675246978,1.834901431805817,2.227098782287752,2.22682509793026,1.8450065584156592,1.014685727788178,1.9822116159974164,1.1051667080027983,default
